{
  "dim_names": [
    "dx",
    "dy",
    "dz",
    "droll",
    "dpitch",
    "dyaw",
    "gripper"
  ],
  "num_samples": 757375,
  "num_episodes": 1224,
  "mean": [
    -2.195661198936301e-05,
    2.0666532960100984e-05,
    0.00010011235580001406,
    -0.00018759103363740495,
    -4.5088234812691636e-05,
    -1.9402464725221536e-06,
    26.410971368287075
  ],
  "std": [
    0.0020669942346589355,
    0.002120313519191187,
    0.0025481663756468944,
    0.012031143928062402,
    0.005428526728304029,
    0.006944711948470352,
    36.49449768190662
  ],
  "min": [
    -0.06206789785526279,
    -0.11571742780894609,
    -0.31816263671721334,
    -1.3293661162964876,
    -0.255747491404013,
    -2.592106264316496,
    0.0
  ],
  "max": [
    0.13324115966914743,
    0.10589565009564096,
    0.07318740740601615,
    1.434531988995717,
    0.6348273793560244,
    2.507211964995398,
    80.0
  ],
  "q01": [
    -0.007176556098419733,
    -0.007785806335141895,
    -0.008582500008234482,
    -0.04009137287854781,
    -0.01794417808760242,
    -0.01775076387262887,
    0.0
  ],
  "q99": [
    0.0073187073673048825,
    0.0064914495147167135,
    0.008107497200281524,
    0.03992690285721041,
    0.01650922347445645,
    0.017901784951242228,
    80.0
  ],
  "median": [
    0.0,
    0.0,
    0.0,
    0.0,
    0.0,
    0.0,
    1.16
  ]
}